                  epoch,         train/box_loss,         train/cls_loss,         train/dfl_loss,   metrics/precision(B),      metrics/recall(B),       metrics/mAP50(B),    metrics/mAP50-95(B),           val/box_loss,           val/cls_loss,           val/dfl_loss,                 lr/pg0,                 lr/pg1,                 lr/pg2
                      1,                0.55702,                 3.0158,                 1.1198,                 0.6739,                0.62639,                0.69001,                0.62855,                0.39124,                 1.5423,                 1.0218,              0.0033327,              0.0033327,              0.0033327
                      2,                0.55191,                 1.7597,                 1.0781,                0.80257,                0.83993,                0.85961,                0.80562,                0.34329,                0.76994,                0.98553,               0.006534,               0.006534,               0.006534
                      3,                0.59326,                 1.4406,                 1.0912,                0.85728,                 0.8529,                0.90972,                 0.8438,                 0.3721,                0.65501,                 1.0111,              0.0096034,              0.0096034,              0.0096034
                      4,                0.58771,                  1.196,                 1.0891,                0.89808,                0.88482,                0.94325,                0.88643,                 0.3429,                0.51004,                0.97867,               0.009406,               0.009406,               0.009406
                      5,                0.53594,                0.97257,                 1.0642,                0.91648,                0.91042,                 0.9574,                0.91257,                0.30173,                0.41561,                0.94601,               0.009208,               0.009208,               0.009208
                      6,                0.50618,                0.84428,                 1.0478,                0.92957,                0.91808,                0.95556,                0.91477,                    nan,                    nan,                    nan,                0.00901,                0.00901,                0.00901
                      7,                 0.4891,                0.77446,                 1.0406,                0.91631,                0.90732,                0.95023,                0.85035,                    nan,                    nan,                    nan,               0.008812,               0.008812,               0.008812
                      8,                0.47509,                0.72079,                 1.0331,                0.95521,                0.93625,                0.97415,                0.93951,                 0.2704,                0.31112,                 0.9254,               0.008614,               0.008614,               0.008614
                      9,                0.45889,                0.67672,                 1.0243,                0.96019,                0.93957,                0.97583,                0.94423,                0.25773,                0.29072,                0.91483,               0.008416,               0.008416,               0.008416
                     10,                0.45532,                0.64662,                 1.0238,                0.96027,                0.94018,                0.97618,                 0.9443,                0.25544,                0.28144,                0.91352,               0.008218,               0.008218,               0.008218
                     11,                0.44802,                0.62624,                  1.019,                0.96803,                0.94233,                0.97879,                0.95054,                 0.2427,                0.26916,                0.90192,                0.00802,                0.00802,                0.00802
                     12,                 0.4395,                0.59864,                 1.0156,                0.96843,                0.94087,                0.97916,                  0.951,                0.24141,                0.26104,                0.90208,               0.007822,               0.007822,               0.007822
                     13,                0.43335,                0.58086,                 1.0123,                0.96326,                0.95097,                0.97968,                0.95324,                    nan,                    nan,                    nan,               0.007624,               0.007624,               0.007624
                     14,                0.42769,                0.56982,                 1.0095,                0.95834,                0.94486,                0.97474,                0.94746,                0.23763,                0.25816,                0.89901,               0.007426,               0.007426,               0.007426
                     15,                0.42346,                0.55153,                 1.0068,                0.96546,                0.94485,                0.97623,                 0.9504,                0.23244,                0.24979,                0.89647,               0.007228,               0.007228,               0.007228
                     16,                 0.4172,                0.53755,                 1.0034,                 0.9712,                0.94303,                0.98072,                0.95523,                0.22793,                0.24301,                0.89294,                0.00703,                0.00703,                0.00703
                     17,                0.41431,                0.53131,                 1.0018,                0.96736,                0.94554,                 0.9775,                0.95348,                0.22707,                0.24326,                0.89068,               0.006832,               0.006832,               0.006832
                     18,                0.41018,                0.51279,                 1.0009,                0.96871,                0.94826,                0.98042,                 0.9569,                0.22451,                0.23754,                0.89002,               0.006634,               0.006634,               0.006634
                     19,                0.40706,                 0.5068,                0.99932,                0.96466,                0.94558,                  0.972,                0.94772,                0.22292,                0.27708,                0.88897,               0.006436,               0.006436,               0.006436
                     20,                0.40295,                0.49487,                0.99733,                0.97236,                0.94665,                0.98032,                0.95675,                0.22191,                 0.2359,                0.88837,               0.006238,               0.006238,               0.006238
                     21,                0.39938,                0.48496,                0.99535,                0.96838,                0.94777,                0.97635,                0.95277,                0.22107,                0.23848,                0.88798,                0.00604,                0.00604,                0.00604
                     22,                0.39751,                0.47959,                0.99495,                0.97055,                0.95078,                0.98167,                0.95869,                0.22009,                0.23179,                0.88755,               0.005842,               0.005842,               0.005842
                     23,                0.39219,                0.47015,                0.99267,                0.96793,                 0.9516,                0.98016,                 0.9576,                 0.2195,                0.23043,                0.88685,               0.005644,               0.005644,               0.005644
                     24,                0.38972,                0.46309,                0.99123,                0.96918,                0.95015,                0.98023,                 0.9578,                0.21793,                0.22966,                0.88563,               0.005446,               0.005446,               0.005446
                     25,                0.38769,                0.45811,                0.99009,                 0.9719,                0.95009,                0.98215,                0.96016,                 0.2171,                0.22794,                0.88495,               0.005248,               0.005248,               0.005248
                     26,                0.38514,                0.44651,                 0.9889,                0.97115,                 0.9502,                 0.9819,                0.96015,                 0.2164,                0.22715,                0.88424,                0.00505,                0.00505,                0.00505
                     27,                0.38592,                0.44178,                0.98957,                0.96208,                0.95092,                0.97142,                0.94896,                0.21595,                0.28324,                 0.8841,               0.004852,               0.004852,               0.004852
                     28,                0.37799,                0.43217,                0.98608,                0.97036,                0.95097,                0.98186,                0.96019,                 0.2153,                0.22611,                0.88377,               0.004654,               0.004654,               0.004654
                     29,                0.37751,                0.42831,                0.98592,                0.97166,                0.95101,                0.98226,                0.96101,                0.21505,                0.22414,                0.88338,               0.004456,               0.004456,               0.004456
                     30,                0.37494,                0.41983,                0.98596,                0.97014,                 0.9505,                0.98037,                0.95905,                0.21449,                0.22566,                0.88306,               0.004258,               0.004258,               0.004258
                     31,                0.36939,                0.41071,                0.98186,                0.97172,                0.95095,                0.98224,                  0.961,                0.21434,                0.22222,                0.88255,                0.00406,                0.00406,                0.00406
                     32,                0.37027,                0.40946,                0.98313,                   0.97,                 0.9505,                 0.9804,                0.95908,                0.21507,                0.22184,                0.88233,               0.003862,               0.003862,               0.003862
                     33,                 0.3639,                0.39965,                0.97803,                0.97114,                0.95102,                0.98199,                0.96099,                    nan,                    nan,                    nan,               0.003664,               0.003664,               0.003664
                     34,                 0.3606,                0.39267,                0.97759,                0.97214,                0.95065,                0.98211,                0.96119,                0.21461,                0.21912,                0.88155,               0.003466,               0.003466,               0.003466
                     35,                0.36142,                0.38847,                0.97764,                0.97177,                0.95136,                 0.9818,                0.96104,                 0.2138,                0.21876,                0.88124,               0.003268,               0.003268,               0.003268
                     36,                0.35792,                0.38528,                0.97532,                0.97157,                0.95191,                0.98227,                0.96182,                0.21294,                0.21755,                0.88081,                0.00307,                0.00307,                0.00307
                     37,                0.35252,                0.36946,                0.97414,                0.97311,                0.95023,                0.98235,                0.96211,                0.21227,                0.21688,                0.88049,               0.002872,               0.002872,               0.002872
                     38,                0.35339,                0.37161,                0.97317,                0.97358,                0.95047,                0.98245,                0.96233,                0.21162,                0.21588,                0.88019,               0.002674,               0.002674,               0.002674
                     39,                0.35005,                0.36456,                0.97375,                0.97421,                0.95021,                 0.9825,                0.96258,                 0.2109,                0.21517,                 0.8796,               0.002476,               0.002476,               0.002476
                     40,                0.34499,                0.35442,                0.97082,                0.97498,                0.94988,                0.98252,                0.96273,                0.21026,                0.21465,                0.87928,               0.002278,               0.002278,               0.002278
                     41,                0.18633,                0.21436,                0.87005,                0.97641,                0.94827,                0.98258,                0.96288,                0.20889,                0.21352,                0.87848,                0.00208,                0.00208,                0.00208
                     42,                0.17741,                0.19949,                0.86469,                0.97598,                0.94933,                0.98274,                0.96351,                0.20722,                0.21221,                0.87737,               0.001882,               0.001882,               0.001882
                     43,                0.17129,                  0.192,                0.85951,                0.97653,                 0.9498,                0.98281,                0.96389,                0.20577,                0.21108,                0.87625,               0.001684,               0.001684,               0.001684
                     44,                0.16849,                0.18376,                0.86006,                0.97257,                0.95081,                0.97983,                0.96108,                0.20424,                0.21195,                0.87518,               0.001486,               0.001486,               0.001486
                     45,                0.16368,                0.17712,                0.85571,                0.97587,                0.95127,                0.98295,                0.96454,                    nan,                    nan,                    nan,               0.001288,               0.001288,               0.001288
                     46,                0.15905,                0.17053,                0.85398,                0.97679,                0.95113,                0.98301,                0.96479,                0.20152,                0.20593,                0.87322,                0.00109,                0.00109,                0.00109
                     47,                0.15471,                0.16248,                0.85067,                0.97683,                0.95149,                0.98299,                0.96516,                0.20007,                0.20426,                0.87216,               0.000892,               0.000892,               0.000892
                     48,                0.15078,                0.15754,                0.84634,                0.97767,                0.95113,                0.98315,                0.96561,                0.19884,                0.20258,                 0.8713,               0.000694,               0.000694,               0.000694
                     49,                0.14728,                0.15135,                0.84565,                0.97113,                0.95133,                 0.9759,                0.95812,                 0.1985,                0.22474,                0.87027,               0.000496,               0.000496,               0.000496
                     50,                0.14301,                0.14423,                 0.8437,                0.97804,                0.95146,                0.98324,                0.96609,                0.19725,                0.20053,                0.86949,               0.000298,               0.000298,               0.000298
